# Serializing assets/vocabularies/sites/latest/sites.ttl
# @context: {"@vocab": "http://publications.europa.eu/ontology/authority/", "dct": "http://purl.org/dc/elements/1.1/", "skos": "http://www.w3.org/2004/02/skos/core#", "owl": "http://www.w3.org/2002/07/owl#", "key": {"@id": "op-code"}, "valid_from": "start.use", "valid_until": "end.use", "url": "@id", "op_code": {"@id": "op-code"}, "country_code": {"@id": "dct:identifier"}, "version_info": "owl:versionInfo", "deprecated": {}, "label_en": {"@id": "skos:prefLabel", "@language": "en"}, "label_it": {"@id": "skos:prefLabel", "@language": "it"}}
# url: http://publications.europa.eu/resource/authority/site
# title: Site
# version: 20210929-0
# description: Site
key,url,deprecated,valid_from,country_code,label_en,valid_until,label_it
19THSTREET700,http://publications.europa.eu/resource/authority/site/19THSTREET700,false,1997-11-10,19THSTREET700,19th Street 700,,
20AVANDREPROTHIN,http://publications.europa.eu/resource/authority/site/20AVANDREPROTHIN,false,2019-03-30,20AVANDREPROTHIN,Europlaza,,
3RDAVENUE666,http://publications.europa.eu/resource/authority/site/3RDAVENUE666,false,1958-01-01,3RDAVENUE666,3rd avenue 666,,
416HANGANGDAERO,http://publications.europa.eu/resource/authority/site/416HANGANGDAERO,false,2017-12-01,416HANGANGDAERO,416 Hangang-daero,,
4TAAVE2DACALLE,http://publications.europa.eu/resource/authority/site/4TAAVE2DACALLE,false,1958-01-01,4TAAVE2DACALLE,4ta Ave – 2da Calle,,
5TAAVENIDA2007,http://publications.europa.eu/resource/authority/site/5TAAVENIDA2007,false,1958-01-01,5TAAVENIDA2007,5ta avenida 2007,,
5TAAVENIDA5_55,http://publications.europa.eu/resource/authority/site/5TAAVENIDA5_55,false,1958-01-01,5TAAVENIDA5_55,5ta avenida 5-55,,
A73,http://publications.europa.eu/resource/authority/site/A73,true,1958-01-01,A73,,2005-01-01,
ABABUSCENT,http://publications.europa.eu/resource/authority/site/ABABUSCENT,false,1958-01-01,ABABUSCENT,ABA Business Centre,,
ADALSTR6,http://publications.europa.eu/resource/authority/site/ADALSTR6,false,1958-01-01,ADALSTR6,Adalstraeti 6,,
ADG,http://publications.europa.eu/resource/authority/site/ADG,false,1958-01-01,ADG,Alcide De Gasperi building,,
ADHAMOV74,http://publications.europa.eu/resource/authority/site/ADHAMOV74,false,1958-01-01,ADHAMOV74,Adhamov 74,,
ALAMEERAHBASMA,http://publications.europa.eu/resource/authority/site/ALAMEERAHBASMA,false,1958-01-01,ALAMEERAHBASMA,Al-Ameerah Basma,,
ALVA9,http://publications.europa.eu/resource/authority/site/ALVA9,false,1958-01-01,ALVA9,Alva 9,,
AMALIAS8,http://publications.europa.eu/resource/authority/site/AMALIAS8,false,1958-01-01,AMALIAS8,Amalias 8,,
AMERICA404,http://publications.europa.eu/resource/authority/site/AMERICA404,false,1958-01-01,AMERICA404,America 404,,
AMIRTEMUR107B,http://publications.europa.eu/resource/authority/site/AMIRTEMUR107B,false,1958-01-01,AMIRTEMUR107B,Amir Temur Street 107 B,,
AN,http://publications.europa.eu/resource/authority/site/AN,false,2008-07-14,AN,,,
AN88,http://publications.europa.eu/resource/authority/site/AN88,true,1958-01-01,AN88,,2017-03-31,
ANNAKATU18,http://publications.europa.eu/resource/authority/site/ANNAKATU18,false,1958-01-01,ANNAKATU18,Annakatu 18,,
ANX,http://publications.europa.eu/resource/authority/site/ANX,true,1958-01-01,ANX,Annex Building North-East (A-NE),,
ARCBUILDING,http://publications.europa.eu/resource/authority/site/ARCBUILDING,false,1958-01-01,ARCBUILDING,Arc building,,
AREA18ROUNDABOUT,http://publications.europa.eu/resource/authority/site/AREA18ROUNDABOUT,false,1958-01-01,AREA18ROUNDABOUT,Area 18 Roundabout,,
ARGENTINIERSTRASSE26,http://publications.europa.eu/resource/authority/site/ARGENTINIERSTRASSE26,false,1958-01-01,ARGENTINIERSTRASSE26,Argentinierstrasse26,,
ARIA,http://publications.europa.eu/resource/authority/site/ARIA,false,2015-01-01,ARIA,Ariane building,,
ARKANA18,http://publications.europa.eu/resource/authority/site/ARKANA18,false,1958-01-01,ARKANA18,Arkana 18,,
ARTIGAS1300,http://publications.europa.eu/resource/authority/site/ARTIGAS1300,false,1958-01-01,ARTIGAS1300,Artigas 1300,,
ASP,http://publications.europa.eu/resource/authority/site/ASP,false,1958-01-01,ASP,,,
ASPAZIJAS28,http://publications.europa.eu/resource/authority/site/ASPAZIJAS28,false,1958-01-01,ASPAZIJAS28,Aspazijas 28,,
ATLANTICROAD74,http://publications.europa.eu/resource/authority/site/ATLANTICROAD74,false,1958-01-01,ATLANTICROAD74,Atlantic Road 74,,
ATR,http://publications.europa.eu/resource/authority/site/ATR,false,1958-01-01,ATR,,,
AUGUSTACESARCA4_6,http://publications.europa.eu/resource/authority/site/AUGUSTACESARCA4_6,false,1958-01-01,AUGUSTACESARCA4_6,Augusta Cesarca 4-6,,
AUXENCEICKONGA,http://publications.europa.eu/resource/authority/site/AUXENCEICKONGA,false,1958-01-01,AUXENCEICKONGA,Impasse Auxence Ickonga,,
AVBARTHBOGANDA,http://publications.europa.eu/resource/authority/site/AVBARTHBOGANDA,false,1958-01-01,AVBARTHBOGANDA,Avenue Barthélémy Boganda,,
AVCLOZEL,http://publications.europa.eu/resource/authority/site/AVCLOZEL,false,1958-01-01,AVCLOZEL,Av. Clozel,,
AVCOSTANERA300,http://publications.europa.eu/resource/authority/site/AVCOSTANERA300,false,1958-01-01,AVCOSTANERA300,Avenida Costanera 300,,
AVENUEDUMOUNIO,http://publications.europa.eu/resource/authority/site/AVENUEDUMOUNIO,false,1958-01-01,AVENUEDUMOUNIO,Avenue du Mounio,,
AVEUROPA4,http://publications.europa.eu/resource/authority/site/AVEUROPA4,false,1958-01-01,AVEUROPA4,Avenida de Europa 4,,
AVKWAMENKRUMAH,http://publications.europa.eu/resource/authority/site/AVKWAMENKRUMAH,false,1958-01-01,AVKWAMENKRUMAH,Avenue Kwame N'Krumah,,
AVLINCOLN1063,http://publications.europa.eu/resource/authority/site/AVLINCOLN1063,false,1958-01-01,AVLINCOLN1063,Av. Abraham Lincoln 1063,,
AVMENDANA,http://publications.europa.eu/resource/authority/site/AVMENDANA,false,1958-01-01,AVMENDANA,Mendana Avenue,,
AVORELLANAE11_160,http://publications.europa.eu/resource/authority/site/AVORELLANAE11_160,false,1958-01-01,AVORELLANAE11_160,Av. Orellana E11-160,,
AVORINOCO,http://publications.europa.eu/resource/authority/site/AVORINOCO,false,1958-01-01,AVORINOCO,Avenida Orinoco,,
AVRICARDOLYON222,http://publications.europa.eu/resource/authority/site/AVRICARDOLYON222,false,1958-01-01,AVRICARDOLYON222,Av. Ricardo Lyon 222,,
AVROTARYINTER,http://publications.europa.eu/resource/authority/site/AVROTARYINTER,false,1958-01-01,AVROTARYINTER,Avenida Rotary International,,
AVSUFFREN100,http://publications.europa.eu/resource/authority/site/AVSUFFREN100,false,1958-01-01,AVSUFFREN100,Av Suffren 100,,
AVTERRASSONFOUGERES,http://publications.europa.eu/resource/authority/site/AVTERRASSONFOUGERES,false,1958-01-01,AVTERRASSONFOUGERES,Avenue Terrasson de Fougères,,
AYACUCHO1537,http://publications.europa.eu/resource/authority/site/AYACUCHO1537,false,1958-01-01,AYACUCHO1537,Ayacucho 1537,,
AYALA6819,http://publications.europa.eu/resource/authority/site/AYALA6819,false,1958-01-01,AYALA6819,Ayala 6819,,
B100,http://publications.europa.eu/resource/authority/site/B100,false,1958-01-01,B100,,,
B135,http://publications.europa.eu/resource/authority/site/B135,true,1958-01-01,B135,European Court of Auditors,,Corte dei conti europea
B232,http://publications.europa.eu/resource/authority/site/B232,false,1958-01-01,B232,,,
B28,http://publications.europa.eu/resource/authority/site/B28,false,1958-01-01,B28,,,
B68,http://publications.europa.eu/resource/authority/site/B68,false,1958-01-01,B68,CoR/EESC,,CdR/CESE
BAIRRODAPENHA,http://publications.europa.eu/resource/authority/site/BAIRRODAPENHA,false,1958-01-01,BAIRRODAPENHA,Bairro da Penha,,
BARBUSSE2,http://publications.europa.eu/resource/authority/site/BARBUSSE2,false,1958-01-01,BARBUSSE2,Barbusse 2,,
BATIMJARDIN,http://publications.europa.eu/resource/authority/site/BATIMJARDIN,false,1958-01-01,BATIMJARDIN,Jardin building,,
BAUDDHALOKA389,http://publications.europa.eu/resource/authority/site/BAUDDHALOKA389,false,1958-01-01,BAUDDHALOKA389,Bauddhaloka 389,,
BECH,http://publications.europa.eu/resource/authority/site/BECH,false,1958-01-01,BECH,Bech building,,
BEI,http://publications.europa.eu/resource/authority/site/BEI,false,1958-01-01,BEI,European Investment Bank,,Banca europea per gli investimenti
BELAUNDE332,http://publications.europa.eu/resource/authority/site/BELAUNDE332,false,1958-01-01,BELAUNDE332,Belaunde 332,,
BERCY201_203,http://publications.europa.eu/resource/authority/site/BERCY201_203,false,2019-11-22,BERCY201_203,Bercy 201-203,,
BERL,http://publications.europa.eu/resource/authority/site/BERL,false,1958-01-01,BERL,,,
BMT,http://publications.europa.eu/resource/authority/site/BMT,false,2016-11-01,BMT,Belmont Court,,
BORNO19,http://publications.europa.eu/resource/authority/site/BORNO19,false,1958-01-01,BORNO19,Borno 19,,
BOULEVARD30JUIN,http://publications.europa.eu/resource/authority/site/BOULEVARD30JUIN,false,1958-01-01,BOULEVARD30JUIN,Boulevard 30 juin,,
BOUR,http://publications.europa.eu/resource/authority/site/BOUR,false,1958-01-01,BOUR,,,
BOUR2,http://publications.europa.eu/resource/authority/site/BOUR2,false,1958-01-01,BOUR2,,,
BQL,http://publications.europa.eu/resource/authority/site/BQL,false,1958-01-01,BQL,European Parliament Office in Belgium,,Ufficio del Parlamento europeo in Belgio
BRE2,http://publications.europa.eu/resource/authority/site/BRE2,false,1958-01-01,BRE2,,,
BREY,http://publications.europa.eu/resource/authority/site/BREY,false,1958-01-01,BREY,,,
BSPHAUS,http://publications.europa.eu/resource/authority/site/BSPHAUS,false,1958-01-01,BSPHAUS,BSP Haus,,
BU1,http://publications.europa.eu/resource/authority/site/BU1,false,1958-01-01,BU1,,,
BU24,http://publications.europa.eu/resource/authority/site/BU24,false,1958-01-01,BU24,,,
BU25,http://publications.europa.eu/resource/authority/site/BU25,false,1958-01-01,BU25,,,
BU29,http://publications.europa.eu/resource/authority/site/BU29,false,1958-01-01,BU29,,,
BU31,http://publications.europa.eu/resource/authority/site/BU31,false,1958-01-01,BU31,,,
BU33,http://publications.europa.eu/resource/authority/site/BU33,false,1958-01-01,BU33,,,
BU5,http://publications.europa.eu/resource/authority/site/BU5,false,1958-01-01,BU5,,,
BU9,http://publications.europa.eu/resource/authority/site/BU9,false,1958-01-01,BU9,,,
BUILD_C,http://publications.europa.eu/resource/authority/site/BUILD_C,false,1994-02-12,BUILD_C,C Building,,
BUILD_T,http://publications.europa.eu/resource/authority/site/BUILD_T,false,1999-01-01,BUILD_T,T building,,
BUNDESGASSE18,http://publications.europa.eu/resource/authority/site/BUNDESGASSE18,false,1958-01-01,BUNDESGASSE18,Bundesgasse 18,,
BVS,http://publications.europa.eu/resource/authority/site/BVS,false,1958-01-01,BVS,,,
C107,http://publications.europa.eu/resource/authority/site/C107,false,1958-01-01,C107,,,
C115,http://publications.europa.eu/resource/authority/site/C115,false,2011-10-14,C115,,,
C150,http://publications.europa.eu/resource/authority/site/C150,false,1958-01-01,C150,,,
C158,http://publications.europa.eu/resource/authority/site/C158,false,1986-01-01,C158,,,
C25,http://publications.europa.eu/resource/authority/site/C25,false,1958-01-01,C25,,,
CALLE116,http://publications.europa.eu/resource/authority/site/CALLE116,false,1958-01-01,CALLE116,Calle 116,,
CALLE53MARBELLA,http://publications.europa.eu/resource/authority/site/CALLE53MARBELLA,false,1958-01-01,CALLE53MARBELLA,Calle 53 Marbella,,
CANTONMENTS81,http://publications.europa.eu/resource/authority/site/CANTONMENTS81,false,1958-01-01,CANTONMENTS81,Cantonments 81,,
CAPEVERDEROAD,http://publications.europa.eu/resource/authority/site/CAPEVERDEROAD,false,1958-01-01,CAPEVERDEROAD,Cape-Verde Road,,
CARLOMAGNO1A,http://publications.europa.eu/resource/authority/site/CARLOMAGNO1A,false,1958-01-01,CARLOMAGNO1A,Carlo Magno 1A,,
CASPIAN2,http://publications.europa.eu/resource/authority/site/CASPIAN2,false,1958-01-01,CASPIAN2,Caspian 2,,
CASTELLANA46,http://publications.europa.eu/resource/authority/site/CASTELLANA46,false,1958-01-01,CASTELLANA46,Castellana 46,,
CCAB,http://publications.europa.eu/resource/authority/site/CCAB,false,1958-01-01,CCAB,Albert Borschette Centre,,
CCO,http://publications.europa.eu/resource/authority/site/CCO,true,1958-01-01,CCO,Conference Centre — Kirchberg,,
CDMA,http://publications.europa.eu/resource/authority/site/CDMA,false,1958-01-01,CDMA,,,
CHAHARISEDARAT,http://publications.europa.eu/resource/authority/site/CHAHARISEDARAT,false,1958-01-01,CHAHARISEDARAT,Chahari Sedarat,,
CHAR,http://publications.europa.eu/resource/authority/site/CHAR,false,1958-01-01,CHAR,,,
CHURCHILL30,http://publications.europa.eu/resource/authority/site/CHURCHILL30,true,1958-01-01,CHURCHILL30,Churchill 30,2019-03-10,
CITEOUA,http://publications.europa.eu/resource/authority/site/CITEOUA,false,1958-01-01,CITEOUA,Cité OUA,,
CJ_PALAIS,http://publications.europa.eu/resource/authority/site/CJ_PALAIS,false,2008-12-04,CJ_PALAIS,,,
CJ_TOA,http://publications.europa.eu/resource/authority/site/CJ_TOA,false,2008-07-15,CJ_TOA,Tower A,,
CJ_TOB,http://publications.europa.eu/resource/authority/site/CJ_TOB,false,2008-11-01,CJ_TOB,Tower B,,
CLOV,http://publications.europa.eu/resource/authority/site/CLOV,false,1958-01-01,CLOV,,,
COLE,http://publications.europa.eu/resource/authority/site/COLE,false,1958-01-01,COLE,,,
COLEAHLANSEBOUNDJI,http://publications.europa.eu/resource/authority/site/COLEAHLANSEBOUNDJI,false,1958-01-01,COLEAHLANSEBOUNDJI,Coléah Lanséboundji,,
CONSTITUTION167,http://publications.europa.eu/resource/authority/site/CONSTITUTION167,false,1958-01-01,CONSTITUTION167,Constitution 167,,
COVE,http://publications.europa.eu/resource/authority/site/COVE,false,1958-01-01,COVE,,,
COVE2,http://publications.europa.eu/resource/authority/site/COVE2,false,1958-01-01,COVE2,,,
CPE1,http://publications.europa.eu/resource/authority/site/CPE1,false,1958-01-01,CPE1,,,
CPE2,http://publications.europa.eu/resource/authority/site/CPE2,false,1958-01-01,CPE2,,,
CPE3,http://publications.europa.eu/resource/authority/site/CPE3,false,1958-01-01,CPE3,,,
CPE4,http://publications.europa.eu/resource/authority/site/CPE4,true,1958-01-01,CPE4,,2012-12-31,
CPE5,http://publications.europa.eu/resource/authority/site/CPE5,false,1958-01-01,CPE5,,,
CSM1,http://publications.europa.eu/resource/authority/site/CSM1,false,1958-01-01,CSM1,,,
CSM2,http://publications.europa.eu/resource/authority/site/CSM2,true,1958-01-01,CSM2,,2016-11-29,
DAIL,http://publications.europa.eu/resource/authority/site/DAIL,false,1958-01-01,DAIL,,,
DAV1,http://publications.europa.eu/resource/authority/site/DAV1,false,1958-01-01,DAV1,,,
DAWSON18,http://publications.europa.eu/resource/authority/site/DAWSON18,false,1958-01-01,DAWSON18,Dawson 18,,
DM24,http://publications.europa.eu/resource/authority/site/DM24,false,1958-01-01,DM24,,,
DM28,http://publications.europa.eu/resource/authority/site/DM28,false,1958-01-01,DM28,,,
DOMBENOUADAH,http://publications.europa.eu/resource/authority/site/DOMBENOUADAH,false,1958-01-01,DOMBENOUADAH,Domaine Benouadah,,
DONGZHIMENWAIDAIJIE15,http://publications.europa.eu/resource/authority/site/DONGZHIMENWAIDAIJIE15,false,1958-01-01,DONGZHIMENWAIDAIJIE15,Dongzhimenwai Daijie 15,,
DRB,http://publications.europa.eu/resource/authority/site/DRB,false,1958-01-01,DRB,Drosbach building,,
DUBLINROAD74_76,http://publications.europa.eu/resource/authority/site/DUBLINROAD74_76,false,1958-01-01,DUBLINROAD74_76,Dublin Road 74-76,,
DUNAJSKA20,http://publications.europa.eu/resource/authority/site/DUNAJSKA20,false,1958-01-01,DUNAJSKA20,Dunajska 20,,
EAS,http://publications.europa.eu/resource/authority/site/EAS,true,1958-01-01,EAS,,2016-09-30,
EBRC,http://publications.europa.eu/resource/authority/site/EBRC,false,1958-01-01,EBRC,,,
EE1,http://publications.europa.eu/resource/authority/site/EE1,false,1958-01-01,EE1,European School I — Kirchberg,,
EE2,http://publications.europa.eu/resource/authority/site/EE2,false,1958-01-01,EE2,European School II — Bertrange,,
EEAS,http://publications.europa.eu/resource/authority/site/EEAS,false,2011-10-14,EEAS,EEAS Building,,
EISENHOWER73,http://publications.europa.eu/resource/authority/site/EISENHOWER73,false,1958-01-01,EISENHOWER73,Eisenhower 73,,
EKI,http://publications.europa.eu/resource/authority/site/EKI,false,2008-06-02,EKI,EKI,,
ENGELS34A,http://publications.europa.eu/resource/authority/site/ENGELS34A,false,1958-01-01,ENGELS34A,Engels 34 A,,
ERA,http://publications.europa.eu/resource/authority/site/ERA,false,1988-10-05,ERA,,,
ERHARDT27,http://publications.europa.eu/resource/authority/site/ERHARDT27,false,1958-01-01,ERHARDT27,Erhardt 27,,
ERKINDIK21,http://publications.europa.eu/resource/authority/site/ERKINDIK21,false,1958-01-01,ERKINDIK21,Erkindik 21,,
ER_RIAD,http://publications.europa.eu/resource/authority/site/ER_RIAD,false,1958-01-01,ER_RIAD,Boulevard Er-Riad,,
ETHNIKISANTISTASEOS72,http://publications.europa.eu/resource/authority/site/ETHNIKISANTISTASEOS72,false,2021-07-01,ETHNIKISANTISTASEOS72,Ethnikis Antistaseos 72,,
ETIHADTOWER,http://publications.europa.eu/resource/authority/site/ETIHADTOWER,false,1958-01-01,ETIHADTOWER,Etihad Tower,,
EUFO1,http://publications.europa.eu/resource/authority/site/EUFO1,false,1958-01-01,EUFO1,,,
EUROPE,http://publications.europa.eu/resource/authority/site/EUROPE,false,1958-01-01,EUROPE,House of Europe (MAEU),,
EUROPE123,http://publications.europa.eu/resource/authority/site/EUROPE123,false,1958-01-01,EUROPE123,Europe 123,,
EYLAU12,http://publications.europa.eu/resource/authority/site/EYLAU12,false,1958-01-01,EYLAU12,Eylau 12,,
F101,http://publications.europa.eu/resource/authority/site/F101,false,1958-01-01,F101,,,
FEI,http://publications.europa.eu/resource/authority/site/FEI,true,1957-12-31,FEI,European Investment Fund,1958-01-01,Fondo europeo per gli investimenti
FISR,http://publications.europa.eu/resource/authority/site/FISR,false,1958-01-01,FISR,,,
FRIK21,http://publications.europa.eu/resource/authority/site/FRIK21,false,1958-01-01,FRIK21,Frik 21,,
G1,http://publications.europa.eu/resource/authority/site/G1,false,1958-01-01,G1,,,
G12,http://publications.europa.eu/resource/authority/site/G12,false,1958-01-01,G12,,,
G6,http://publications.europa.eu/resource/authority/site/G6,false,1958-01-01,G6,,,
GAL,http://publications.europa.eu/resource/authority/site/GAL,false,2008-07-14,GAL,,,
GAMHORIA10,http://publications.europa.eu/resource/authority/site/GAMHORIA10,false,1958-01-01,GAMHORIA10,Gamhoria 10,,
GARCIABARBON4,http://publications.europa.eu/resource/authority/site/GARCIABARBON4,false,1958-01-01,GARCIABARBON4,Odriozola building,,
GARDENROAD33,http://publications.europa.eu/resource/authority/site/GARDENROAD33,false,1958-01-01,GARDENROAD33,Garden Road 33,,
GASP,http://publications.europa.eu/resource/authority/site/GASP,true,1958-01-01,GASP,,2015-05-31,
GEDIMINO16,http://publications.europa.eu/resource/authority/site/GEDIMINO16,false,1958-01-01,GEDIMINO16,Gedimino 16,,
GEOS,http://publications.europa.eu/resource/authority/site/GEOS,true,2004-02-01,GEOS,,2014-02-01,
GOL,http://publications.europa.eu/resource/authority/site/GOL,true,1958-01-01,GOL,,2016-09-30,
GOTHERSGADE115,http://publications.europa.eu/resource/authority/site/GOTHERSGADE115,false,1958-01-01,GOTHERSGADE115,Gothersgade 115,,
GRACIA90,http://publications.europa.eu/resource/authority/site/GRACIA90,false,1958-01-01,GRACIA90,Gràcía 90,,
GRAN,http://publications.europa.eu/resource/authority/site/GRAN,false,2002-03-14,GRAN,"Dunsany, Grange",,
GRANDPRE64,http://publications.europa.eu/resource/authority/site/GRANDPRE64,false,1958-01-01,GRANDPRE64,Grand-Pré 64,,
GRANDPRE66,http://publications.europa.eu/resource/authority/site/GRANDPRE66,false,1958-01-01,GRANDPRE66,Grand-Pré 66,,
GRENELLE103,http://publications.europa.eu/resource/authority/site/GRENELLE103,true,1958-01-01,GRENELLE103,Grenelle 103,2019-11-21,
GUIM,http://publications.europa.eu/resource/authority/site/GUIM,false,1958-01-01,GUIM,,,
HANNINGTON17_23,http://publications.europa.eu/resource/authority/site/HANNINGTON17_23,false,1958-01-01,HANNINGTON17_23,Hannington Road 17-23,,
HARBORDRIVE490,http://publications.europa.eu/resource/authority/site/HARBORDRIVE490,false,1958-01-01,HARBORDRIVE490,Harbor drive 490,,
HASSANII12,http://publications.europa.eu/resource/authority/site/HASSANII12,false,1958-01-01,HASSANII12,Hassan II 12,,
HASTINGSMAINROAD,http://publications.europa.eu/resource/authority/site/HASTINGSMAINROAD,false,1958-01-01,HASTINGSMAINROAD,Hastings Main Road,,
HAV,http://publications.europa.eu/resource/authority/site/HAV,false,2013-01-01,HAV,Václav Havel,,
HEI,http://publications.europa.eu/resource/authority/site/HEI,false,1958-01-01,HEI,,,
HLEDANCENTRE,http://publications.europa.eu/resource/authority/site/HLEDANCENTRE,false,1958-01-01,HLEDANCENTRE,Hledan Centre,,
HTC,http://publications.europa.eu/resource/authority/site/HTC,false,1958-01-01,HTC,,,
HTWG,http://publications.europa.eu/resource/authority/site/HTWG,false,1958-01-01,HTWG,,,
IAK,http://publications.europa.eu/resource/authority/site/IAK,false,2016-01-01,IAK,,,
INFOPARKE,http://publications.europa.eu/resource/authority/site/INFOPARKE,false,1958-01-01,INFOPARKE,Infopark Building E,,
IVNOVEMBRE149,http://publications.europa.eu/resource/authority/site/IVNOVEMBRE149,false,1958-01-01,IVNOVEMBRE149,IV Novembre 149,,
J27,http://publications.europa.eu/resource/authority/site/J27,false,1958-01-01,J27,,,
J30,http://publications.europa.eu/resource/authority/site/J30,false,1958-01-01,J30,,,
J54,http://publications.europa.eu/resource/authority/site/J54,false,1958-01-01,J54,,,
J59,http://publications.europa.eu/resource/authority/site/J59,false,1958-01-01,J59,,,
J70,http://publications.europa.eu/resource/authority/site/J70,false,1958-01-01,J70,,,
J79,http://publications.europa.eu/resource/authority/site/J79,false,1958-01-01,J79,,,
J99,http://publications.europa.eu/resource/authority/site/J99,false,1958-01-01,J99,,,
JALANTUNRAZAK207,http://publications.europa.eu/resource/authority/site/JALANTUNRAZAK207,false,1958-01-01,JALANTUNRAZAK207,Jalan Tun Razak 207,,
JAN,http://publications.europa.eu/resource/authority/site/JAN,false,1958-01-01,JAN,,,
JANOVSKEHO438,http://publications.europa.eu/resource/authority/site/JANOVSKEHO438,false,1958-01-01,JANOVSKEHO438,Janovskeho 438,,
JASNA14_16,http://publications.europa.eu/resource/authority/site/JASNA14_16,false,1958-01-01,JASNA14_16,Jasna 14/16,,
JDE,http://publications.europa.eu/resource/authority/site/JDE,false,1958-01-01,JDE,,,
JFK,http://publications.europa.eu/resource/authority/site/JFK,true,1958-01-01,JFK,,,
JL,http://publications.europa.eu/resource/authority/site/JL,false,1958-01-01,JL,,,
JMO,http://publications.europa.eu/resource/authority/site/JMO,true,1958-01-01,JMO,Jean Monnet building,2017-06-30,
JRCGEEL,http://publications.europa.eu/resource/authority/site/JRCGEEL,false,1960-05-01,JRCGEEL,Geel site,,
JRCISP,http://publications.europa.eu/resource/authority/site/JRCISP,false,1959-07-22,JRCISP,Ispra site,,
JRCKARLS,http://publications.europa.eu/resource/authority/site/JRCKARLS,false,1965-04-01,JRCKARLS,Karlsruhe site,,
JRCPETT,http://publications.europa.eu/resource/authority/site/JRCPETT,false,1962-11-16,JRCPETT,Petten site,,
JRCSEVI,http://publications.europa.eu/resource/authority/site/JRCSEVI,false,2002-01-01,JRCSEVI,Expo building,,
JULIUSNYERERE,http://publications.europa.eu/resource/authority/site/JULIUSNYERERE,false,1958-01-01,JULIUSNYERERE,Avenida Julius Nyerere,,
JUNGMANNOVA24,http://publications.europa.eu/resource/authority/site/JUNGMANNOVA24,false,1958-01-01,JUNGMANNOVA24,Jungmannova 24,,
K1K2K3,http://publications.europa.eu/resource/authority/site/K1K2K3,false,1985-01-01,K1K2K3,European Court of Auditors,,Corte dei conti europea
K7,http://publications.europa.eu/resource/authority/site/K7,true,1958-01-01,K7,T building,,
K8,http://publications.europa.eu/resource/authority/site/K8,true,1958-01-01,K8,,,
K9,http://publications.europa.eu/resource/authority/site/K9,true,1958-01-01,K9,Translation,,
KAD,http://publications.europa.eu/resource/authority/site/KAD,false,1958-01-01,KAD,,,
KADASHEVSKAYA14,http://publications.europa.eu/resource/authority/site/KADASHEVSKAYA14,false,1958-01-01,KADASHEVSKAYA14,Kadashevskaya 14,,
KADENAUER3,http://publications.europa.eu/resource/authority/site/KADENAUER3,false,1958-01-01,KADENAUER3,Konrad Adenauer 3,,
KAISERS29,http://publications.europa.eu/resource/authority/site/KAISERS29,false,1997-11-10,KAISERS29,Kaiserstraße 29,,
KARADZICA12,http://publications.europa.eu/resource/authority/site/KARADZICA12,false,1958-01-01,KARADZICA12,Karadzica 12,,
KEBELE10ROOSEVELT,http://publications.europa.eu/resource/authority/site/KEBELE10ROOSEVELT,false,1958-01-01,KEBELE10ROOSEVELT,Kebele 10 Roosevelt,,
KEELUNG333,http://publications.europa.eu/resource/authority/site/KEELUNG333,false,1958-01-01,KEELUNG333,Keelung 333,,
KLINGENBERG7A,http://publications.europa.eu/resource/authority/site/KLINGENBERG7A,false,1958-01-01,KLINGENBERG7A,Klingenberg 7A,,
KOGALNICEANU12,http://publications.europa.eu/resource/authority/site/KOGALNICEANU12,false,1958-01-01,KOGALNICEANU12,Kogalniceanu 12,,
KONGENSNYTORV6,http://publications.europa.eu/resource/authority/site/KONGENSNYTORV6,false,1958-01-01,KONGENSNYTORV6,Kongens Nytorv 6,,
KORT,http://publications.europa.eu/resource/authority/site/KORT,false,1958-01-01,KORT,Archives,,
KOSMONAVTOV62,http://publications.europa.eu/resource/authority/site/KOSMONAVTOV62,false,1958-01-01,KOSMONAVTOV62,Kosmonavtov 62,,
KOSOVOSTREET1,http://publications.europa.eu/resource/authority/site/KOSOVOSTREET1,false,1958-01-01,KOSOVOSTREET1,Kosovo Street 1,,
KSTREET2175,http://publications.europa.eu/resource/authority/site/KSTREET2175,false,1958-01-01,KSTREET2175,K Street 2175,,
L102,http://publications.europa.eu/resource/authority/site/L102,false,1958-01-01,L102,,,
L130,http://publications.europa.eu/resource/authority/site/L130,false,1958-01-01,L130,,,
L145,http://publications.europa.eu/resource/authority/site/L145,false,1958-01-01,L145,,,
L15,http://publications.europa.eu/resource/authority/site/L15,false,2013-06-21,L15,,,
L41,http://publications.europa.eu/resource/authority/site/L41,false,1958-01-01,L41,,,
L56,http://publications.europa.eu/resource/authority/site/L56,false,1958-01-01,L56,,,
L86,http://publications.europa.eu/resource/authority/site/L86,false,1958-01-01,L86,,,
LACBIWA,http://publications.europa.eu/resource/authority/site/LACBIWA,false,1958-01-01,LACBIWA,Lac Biwa,,
LACC,http://publications.europa.eu/resource/authority/site/LACC,false,2015-01-01,LACC,Laccolith building,,
LACWINDERMERE,http://publications.europa.eu/resource/authority/site/LACWINDERMERE,false,1958-01-01,LACWINDERMERE,Lac Windermere,,
LARGOJEANMONNET,http://publications.europa.eu/resource/authority/site/LARGOJEANMONNET,false,1958-01-01,LARGOJEANMONNET,Largo Jean Monnet,,
LASCAR31,http://publications.europa.eu/resource/authority/site/LASCAR31,false,1958-01-01,LASCAR31,Lascar 31,,
LEFRANCQ120,http://publications.europa.eu/resource/authority/site/LEFRANCQ120,false,1958-01-01,LEFRANCQ120,Lefrancq 120,,
LEICESTERPEAK,http://publications.europa.eu/resource/authority/site/LEICESTERPEAK,false,1958-01-01,LEICESTERPEAK,"Leicester Peak, Regent",,
LINDEN78,http://publications.europa.eu/resource/authority/site/LINDEN78,false,1958-01-01,LINDEN78,Linden 78,,
LKI,http://publications.europa.eu/resource/authority/site/LKI,false,2016-01-01,LKI,LKI,,
LOSANGELESBV4899,http://publications.europa.eu/resource/authority/site/LOSANGELESBV4899,false,1958-01-01,LOSANGELESBV4899,Los Angeles Boulevard 4899,,
LOTCOCOTIERS,http://publications.europa.eu/resource/authority/site/LOTCOCOTIERS,false,1958-01-01,LOTCOCOTIERS,Lotissement des Cocotiers,,
LOVOHAZ35,http://publications.europa.eu/resource/authority/site/LOVOHAZ35,false,1958-01-01,LOVOHAZ35,Lövőház 35,,
LOW,http://publications.europa.eu/resource/authority/site/LOW,false,1958-01-01,LOW,,,
LOWERMOUNT12_14,http://publications.europa.eu/resource/authority/site/LOWERMOUNT12_14,false,1958-01-01,LOWERMOUNT12_14,Lower Mount 12-14,,
LX40,http://publications.europa.eu/resource/authority/site/LX40,false,1958-01-01,LX40,,,
LX46,http://publications.europa.eu/resource/authority/site/LX46,false,1958-01-01,LX46,,,
MADO,http://publications.europa.eu/resource/authority/site/MADO,false,1958-01-01,MADO,,,
MAGENTA59,http://publications.europa.eu/resource/authority/site/MAGENTA59,false,1958-01-01,MAGENTA59,Magenta 59,,
MALMINKATU16,http://publications.europa.eu/resource/authority/site/MALMINKATU16,false,1958-01-01,MALMINKATU16,Malminkatu 16,,
MARECHALFOCH3,http://publications.europa.eu/resource/authority/site/MARECHALFOCH3,false,1958-01-01,MARECHALFOCH3,Marechal Foch 3,,
MARSATEKLAI192,http://publications.europa.eu/resource/authority/site/MARSATEKLAI192,false,1958-01-01,MARSATEKLAI192,Marsa Teklai 192,,
MEIEROVICA14,http://publications.europa.eu/resource/authority/site/MEIEROVICA14,false,1958-01-01,MEIEROVICA14,Meierovica 14,,
MER,http://publications.europa.eu/resource/authority/site/MER,false,1958-01-01,MER,,,
MERO,http://publications.europa.eu/resource/authority/site/MERO,false,2016-11-30,MERO,Merode,,
METCALFE150,http://publications.europa.eu/resource/authority/site/METCALFE150,false,1958-01-01,METCALFE150,Metcalfe 150,,
MHE,http://publications.europa.eu/resource/authority/site/MHE,false,2017-01-01,MHE,House of European History,,
MINAMIAZABU,http://publications.europa.eu/resource/authority/site/MINAMIAZABU,false,1958-01-01,MINAMIAZABU,Minami-Azabu,,
MIRIBILLA,http://publications.europa.eu/resource/authority/site/MIRIBILLA,false,1958-01-01,MIRIBILLA,Miribilla building,,
MOLL150,http://publications.europa.eu/resource/authority/site/MOLL150,false,1958-01-01,MOLL150,avenue MOLL 150,,
MON15,http://publications.europa.eu/resource/authority/site/MON15,false,2016-10-19,MON15,Montoyer 15,,
MON34,http://publications.europa.eu/resource/authority/site/MON34,false,1958-01-01,MON34,,,
MON59,http://publications.europa.eu/resource/authority/site/MON59,false,1958-01-01,MON59,,,
MON63,http://publications.europa.eu/resource/authority/site/MON63,true,1958-01-01,MON63,,2016-12-31,
MON70,http://publications.europa.eu/resource/authority/site/MON70,false,1958-01-01,MON70,,,
MON75,http://publications.europa.eu/resource/authority/site/MON75,false,1958-01-01,MON75,,,
MTCBLOCKA,http://publications.europa.eu/resource/authority/site/MTCBLOCKA,false,1958-01-01,MTCBLOCKA,MTC Block A,,
MTS,http://publications.europa.eu/resource/authority/site/MTS,false,2012-01-01,MTS,Montoyer-Science,,
MUJAHEDHADDAH,http://publications.europa.eu/resource/authority/site/MUJAHEDHADDAH,false,1958-01-01,MUJAHEDHADDAH,Mujahed Street Haddah zone,,
N105,http://publications.europa.eu/resource/authority/site/N105,false,1958-01-01,N105,,,
NAJEEBALRAYYES3,http://publications.europa.eu/resource/authority/site/NAJEEBALRAYYES3,false,1958-01-01,NAJEEBALRAYYES3,Najeeb Al-Rayyes3,,
NEWTONSTREET2,http://publications.europa.eu/resource/authority/site/NEWTONSTREET2,false,1958-01-01,NEWTONSTREET2,Newton Street 2,,
NILECITYTOWERS,http://publications.europa.eu/resource/authority/site/NILECITYTOWERS,false,1958-01-01,NILECITYTOWERS,Nile City Towers,,
NINOCHKHEIDZE38,http://publications.europa.eu/resource/authority/site/NINOCHKHEIDZE38,false,1958-01-01,NINOCHKHEIDZE38,Nino Chkheidze 38,,
NIZAMI90A,http://publications.europa.eu/resource/authority/site/NIZAMI90A,false,1958-01-01,NIZAMI90A,Nizami 90A,,
NORFOLKSTREET1,http://publications.europa.eu/resource/authority/site/NORFOLKSTREET1,false,1958-01-01,NORFOLKSTREET1,Norfolk Street 1,,
NORTHBRIDGE250,http://publications.europa.eu/resource/authority/site/NORTHBRIDGE250,false,1958-01-01,NORTHBRIDGE250,North Bridge Road 250,,
OFFCONSTITUTION,http://publications.europa.eu/resource/authority/site/OFFCONSTITUTION,false,1958-01-01,OFFCONSTITUTION,Off Constitution,,
OFIPLAZADELESTE,http://publications.europa.eu/resource/authority/site/OFIPLAZADELESTE,false,1958-01-01,OFIPLAZADELESTE,Ofiplaza del Este,,
OLIVIERROAD8,http://publications.europa.eu/resource/authority/site/OLIVIERROAD8,false,1958-01-01,OLIVIERROAD8,Olivier Road 8,,
ONAMBLELENKOU1068,http://publications.europa.eu/resource/authority/site/ONAMBLELENKOU1068,false,1958-01-01,ONAMBLELENKOU1068,Onamblélé Nkou 1068,,
ONECANADASQ,http://publications.europa.eu/resource/authority/site/ONECANADASQ,true,1958-01-01,ONECANADASQ,One Canada Square,2019-05-30,
OP_DATPRO,http://publications.europa.eu/resource/authority/site/OP_DATPRO,,,OP_DATPRO,Provisional data,,Dati provvisori
ORANGERIE18,http://publications.europa.eu/resource/authority/site/ORANGERIE18,false,1958-01-01,ORANGERIE18,Orangerie 18,,
ORBN,http://publications.europa.eu/resource/authority/site/ORBN,false,1986-07-01,ORBN,,,
ORLYPLEIN24,http://publications.europa.eu/resource/authority/site/ORLYPLEIN24,false,2019-03-11,ORLYPLEIN24,Orlyplein 24,,
OUTCA27,http://publications.europa.eu/resource/authority/site/OUTCA27,false,1958-01-01,OUTCA27,Ó utca 27,,
OVER,http://publications.europa.eu/resource/authority/site/OVER,false,1958-01-01,OVER,,,
PALISADY29,http://publications.europa.eu/resource/authority/site/PALISADY29,false,1958-01-01,PALISADY29,Palisády 29,,
PALM,http://publications.europa.eu/resource/authority/site/PALM,false,1958-01-01,PALM,,,
PE_TOA,http://publications.europa.eu/resource/authority/site/PE_TOA,false,1958-01-01,PE_TOA,Tower A,,
PE_TOB,http://publications.europa.eu/resource/authority/site/PE_TOB,false,1958-01-01,PE_TOB,Tower B,,
PFL,http://publications.europa.eu/resource/authority/site/PFL,false,1958-01-01,PFL,Pierre Pflimlin building,,
PHS,http://publications.europa.eu/resource/authority/site/PHS,false,1958-01-01,PHS,,,
PKI,http://publications.europa.eu/resource/authority/site/PKI,false,1980-01-01,PKI,PKI,,
PLACEINDEPENDANCE,http://publications.europa.eu/resource/authority/site/PLACEINDEPENDANCE,false,1958-01-01,PLACEINDEPENDANCE,Place de l'Indépendance,,
PLB3,http://publications.europa.eu/resource/authority/site/PLB3,false,2014-04-28,PLB3,,,
POLOT82A,http://publications.europa.eu/resource/authority/site/POLOT82A,false,1958-01-01,POLOT82A,Polot 82 A European Compound,,
PONIENTEHOLCIM2,http://publications.europa.eu/resource/authority/site/PONIENTEHOLCIM2,false,1958-01-01,PONIENTEHOLCIM2,Poniente Holcim 2,,
POPOVICA40,http://publications.europa.eu/resource/authority/site/POPOVICA40,false,1958-01-01,POPOVICA40,Popovića 40,,
PRE,http://publications.europa.eu/resource/authority/site/PRE,false,1958-01-01,PRE,,,
PREAHNORODOM100A,http://publications.europa.eu/resource/authority/site/PREAHNORODOM100A,false,1958-01-01,PREAHNORODOM100A,Preah Norodom 100A,,
QUARTIERDUHERON,http://publications.europa.eu/resource/authority/site/QUARTIERDUHERON,false,1958-01-01,QUARTIERDUHERON,Quartier du Héron,,
QUARTIERFLEUVE,http://publications.europa.eu/resource/authority/site/QUARTIERFLEUVE,false,1958-01-01,QUARTIERFLEUVE,Quartier du Fleuve,,
QUEENSPARKWEST16,http://publications.europa.eu/resource/authority/site/QUEENSPARKWEST16,false,1958-01-01,QUEENSPARKWEST16,Queen's Park West 16,,
RAGATIROAD,http://publications.europa.eu/resource/authority/site/RAGATIROAD,false,1958-01-01,RAGATIROAD,Ragati Road,,
RAKOVSKI124,http://publications.europa.eu/resource/authority/site/RAKOVSKI124,false,1958-01-01,RAKOVSKI124,Rakovski 124,,
RAVALA4,http://publications.europa.eu/resource/authority/site/RAVALA4,false,1958-01-01,RAVALA4,Rävala 4,,
REDMONDSTRAAT239,http://publications.europa.eu/resource/authority/site/REDMONDSTRAAT239,false,1958-01-01,REDMONDSTRAAT239,Redmondstraat 239,,
REFORMA1675,http://publications.europa.eu/resource/authority/site/REFORMA1675,false,1958-01-01,REFORMA1675,Paseo de la Reforma 1675,,
REGERINGS65,http://publications.europa.eu/resource/authority/site/REGERINGS65,false,1958-01-01,REGERINGS65,Regeringsgatan 65,,
REIKATAYAVALA,http://publications.europa.eu/resource/authority/site/REIKATAYAVALA,false,1958-01-01,REIKATAYAVALA,Rei Katyavala,,
REM,http://publications.europa.eu/resource/authority/site/REM,false,1958-01-01,REM,,,
RIBEIRA,http://publications.europa.eu/resource/authority/site/RIBEIRA,false,1958-01-01,RIBEIRA,Ribeira,,
RMD,http://publications.europa.eu/resource/authority/site/RMD,false,1958-01-01,RMD,,,
ROAD84GULSHAN2,http://publications.europa.eu/resource/authority/site/ROAD84GULSHAN2,false,1958-01-01,ROAD84GULSHAN2,Road 84 Gulshan 2,,
ROBINSON758,http://publications.europa.eu/resource/authority/site/ROBINSON758,false,1958-01-01,ROBINSON758,Robinson 758,,
RP14,http://publications.europa.eu/resource/authority/site/RP14,false,1958-01-01,RP14,,,
RUAFATUMETA,http://publications.europa.eu/resource/authority/site/RUAFATUMETA,false,1958-01-01,RUAFATUMETA,Rua de Fatumeta,,
SALAHKHALAF,http://publications.europa.eu/resource/authority/site/SALAHKHALAF,false,1958-01-01,SALAHKHALAF,Salah Khalaf,,
SC11,http://publications.europa.eu/resource/authority/site/SC11,false,1958-01-01,SC11,,,
SC15,http://publications.europa.eu/resource/authority/site/SC15,true,1958-01-01,SC15,,,
SC27,http://publications.europa.eu/resource/authority/site/SC27,false,1958-01-01,SC27,,,
SC29,http://publications.europa.eu/resource/authority/site/SC29,false,1958-01-01,SC29,,,
SCH,http://publications.europa.eu/resource/authority/site/SCH,false,1958-01-01,SCH,,,
SCHWARZENBERG11,http://publications.europa.eu/resource/authority/site/SCHWARZENBERG11,false,1958-01-01,SCHWARZENBERG11,FRA site,,
SDM,http://publications.europa.eu/resource/authority/site/SDM,false,1958-01-01,SDM,,,
SDME,http://publications.europa.eu/resource/authority/site/SDME,false,1958-01-01,SDME,,,
SEN,http://publications.europa.eu/resource/authority/site/SEN,false,1958-01-01,SEN,,,
SENDALL11,http://publications.europa.eu/resource/authority/site/SENDALL11,false,1958-01-01,SENDALL11,Sendall 11,,
SETTHATHIRATHROAD,http://publications.europa.eu/resource/authority/site/SETTHATHIRATHROAD,false,1958-01-01,SETTHATHIRATHROAD,Setthathirath Road,,
SHANNTINIKETAN5,http://publications.europa.eu/resource/authority/site/SHANNTINIKETAN5,false,1958-01-01,SHANNTINIKETAN5,Shantiniketan5,,
SHINMOONRO116,http://publications.europa.eu/resource/authority/site/SHINMOONRO116,true,1958-01-01,SHINMOONRO116,Shinmoonro 116,2017-11-30,
SHISQI7,http://publications.europa.eu/resource/authority/site/SHISQI7,false,1958-01-01,SHISQI7,SHIS QI 7,,
SHOHAM5_7,http://publications.europa.eu/resource/authority/site/SHOHAM5_7,false,1958-01-01,SHOHAM5_7,Shoham 5-7,,
SKENDERIJA3A,http://publications.europa.eu/resource/authority/site/SKENDERIJA3A,false,1958-01-01,SKENDERIJA3A,Skenderija 3A,,
SMITHSQ32,http://publications.europa.eu/resource/authority/site/SMITHSQ32,false,1958-01-01,SMITHSQ32,Smith Sq 32,,
SOMHLOLO,http://publications.europa.eu/resource/authority/site/SOMHLOLO,false,1958-01-01,SOMHLOLO,Somhlolo Road,,
SONNEMANN20,http://publications.europa.eu/resource/authority/site/SONNEMANN20,false,1997-11-10,SONNEMANN20,Sonnemannstraße 20,,
SPA2,http://publications.europa.eu/resource/authority/site/SPA2,false,1958-01-01,SPA2,,,
SPA3,http://publications.europa.eu/resource/authority/site/SPA3,false,1958-01-01,SPA3,,,
STDENISSTREET,http://publications.europa.eu/resource/authority/site/STDENISSTREET,false,1958-01-01,STDENISSTREET,St. Denis Street,,
STEP_C,http://publications.europa.eu/resource/authority/site/STEP_C,false,1958-01-01,STEP_C,Science and Technology Park of Crete,,
STGERMAIN288,http://publications.europa.eu/resource/authority/site/STGERMAIN288,false,1958-01-01,STGERMAIN288,Saint-Germain 288,,
STORRARDRIVE27,http://publications.europa.eu/resource/authority/site/STORRARDRIVE27,false,1958-01-01,STORRARDRIVE27,Storrar Drive 27,,
STPAUL254,http://publications.europa.eu/resource/authority/site/STPAUL254,false,1958-01-01,STPAUL254,St Paul 254,,
STREETNO88,http://publications.europa.eu/resource/authority/site/STREETNO88,false,1958-01-01,STREETNO88,Street No 88,,
SUDIRMAN32,http://publications.europa.eu/resource/authority/site/SUDIRMAN32,false,1958-01-01,SUDIRMAN32,Sudirman 32,,
SVKIRILIMETODIJ52B,http://publications.europa.eu/resource/authority/site/SVKIRILIMETODIJ52B,false,1958-01-01,SVKIRILIMETODIJ52B,Sv. Kiril i Metodij 52b,,
T2,http://publications.europa.eu/resource/authority/site/T2,false,2016-05-01,T2,Temporary Jean Monnet,,
TAPPOOCITYCOMPLEX,http://publications.europa.eu/resource/authority/site/TAPPOOCITYCOMPLEX,false,1958-01-01,TAPPOOCITYCOMPLEX,Tappoo City Complex,,
TAUNUSTOR2,http://publications.europa.eu/resource/authority/site/TAUNUSTOR2,false,1997-11-10,TAUNUSTOR2,Taunustor 2,,
TERESIANO1C,http://publications.europa.eu/resource/authority/site/TERESIANO1C,false,1958-01-01,TERESIANO1C,Teresiano 1 C,,
TERRACE70,http://publications.europa.eu/resource/authority/site/TERRACE70,false,1958-01-01,TERRACE70,The Terrace 70,,
TEVRAGHZEINA,http://publications.europa.eu/resource/authority/site/TEVRAGHZEINA,false,1958-01-01,TEVRAGHZEINA,Tevragh Zeina,,
TFP,http://publications.europa.eu/resource/authority/site/TFP,true,2006-01-01,TFP,,2013-09-30,
THABETALLOGHAWI,http://publications.europa.eu/resource/authority/site/THABETALLOGHAWI,false,1958-01-01,THABETALLOGHAWI,Thabet Al Loghawi,,
THM,http://publications.europa.eu/resource/authority/site/THM,false,1993-02-12,THM,,,
THUONGKIET,http://publications.europa.eu/resource/authority/site/THUONGKIET,false,1958-01-01,THUONGKIET,Thuong Kiet,,
TO56,http://publications.europa.eu/resource/authority/site/TO56,false,1958-01-01,TO56,White Atrium Building,,
TOMTEBODA11A,http://publications.europa.eu/resource/authority/site/TOMTEBODA11A,false,1958-01-01,TOMTEBODA11A,Tomteboda 11A,,
TORREJON,http://publications.europa.eu/resource/authority/site/TORREJON,false,1958-01-01,TORREJON,Torrejon Air Base,,
TORRESDIAGONALB3,http://publications.europa.eu/resource/authority/site/TORRESDIAGONALB3,false,1958-01-01,TORRESDIAGONALB3,Torres Diagonal Litoral B3,,
TOURZITAL,http://publications.europa.eu/resource/authority/site/TOURZITAL,false,1958-01-01,TOURZITAL,Zital Tower,,
TR3,http://publications.europa.eu/resource/authority/site/TR3,false,1958-01-01,TR3,Trg republike 3,,
TRE,http://publications.europa.eu/resource/authority/site/TRE,false,1958-01-01,TRE,,,
TREURENBERG22,http://publications.europa.eu/resource/authority/site/TREURENBERG22,false,1958-01-01,TREURENBERG22,Treurenberg 22,,
TRI,http://publications.europa.eu/resource/authority/site/TRI,false,1958-01-01,TRI,,,
TUN4JACKSON,http://publications.europa.eu/resource/authority/site/TUN4JACKSON,false,1958-01-01,TUN4JACKSON,Tun 4 Jackson,,
UGURMUMCU88,http://publications.europa.eu/resource/authority/site/UGURMUMCU88,false,1958-01-01,UGURMUMCU88,Ugur Mumcu 88,,
UMOJAHOUSE,http://publications.europa.eu/resource/authority/site/UMOJAHOUSE,false,1958-01-01,UMOJAHOUSE,Umoja House,,
UMUGANDA1807,http://publications.europa.eu/resource/authority/site/UMUGANDA1807,false,1958-01-01,UMUGANDA1807,Umuganda 1807,,
UNDRIVE100,http://publications.europa.eu/resource/authority/site/UNDRIVE100,false,1958-01-01,UNDRIVE100,U.N. Drive 100,,
UTTARDHOKASADAK,http://publications.europa.eu/resource/authority/site/UTTARDHOKASADAK,false,1958-01-01,UTTARDHOKASADAK,Uttar Dhoka Sadak,,
VANBENTHEM1,http://publications.europa.eu/resource/authority/site/VANBENTHEM1,false,1958-01-01,VANBENTHEM1,Bob-van-Benthem 1,,
VASILISSISSOFIAS2,http://publications.europa.eu/resource/authority/site/VASILISSISSOFIAS2,false,1958-01-01,VASILISSISSOFIAS2,Vasilissis Sofias 2,,
VIJVERBERG5_6,http://publications.europa.eu/resource/authority/site/VIJVERBERG5_6,false,1958-01-01,VIJVERBERG5_6,Vijverberg 5-6,,
VILLAGUALINO,http://publications.europa.eu/resource/authority/site/VILLAGUALINO,false,1958-01-01,VILLAGUALINO,Villa Gualino,,
VM18,http://publications.europa.eu/resource/authority/site/VM18,false,1958-01-01,VM18,,,
VM2,http://publications.europa.eu/resource/authority/site/VM2,false,1958-01-01,VM2,,,
VOLODYMYRSKA101,http://publications.europa.eu/resource/authority/site/VOLODYMYRSKA101,false,1958-01-01,VOLODYMYRSKA101,Volodymyrska 101,,
VONSUTTNER2_4,http://publications.europa.eu/resource/authority/site/VONSUTTNER2_4,false,1958-01-01,VONSUTTNER2_4,Bertha-von-Suttner 2-4,,
VYRONOS30,http://publications.europa.eu/resource/authority/site/VYRONOS30,false,1958-01-01,VYRONOS30,Vyronos 30,,
W910,http://publications.europa.eu/resource/authority/site/W910,false,1958-01-01,W910,,,
WALI,http://publications.europa.eu/resource/authority/site/WALI,false,2006-06-21,WALI,,,
WARSPIRE,http://publications.europa.eu/resource/authority/site/WARSPIRE,false,1958-01-01,WARSPIRE,Warsau Spire,,
WAY,http://publications.europa.eu/resource/authority/site/WAY,false,1958-01-01,WAY,,,
WETSTRAAT223,http://publications.europa.eu/resource/authority/site/WETSTRAAT223,false,1997-11-10,WETSTRAAT223,Wetstraat 223,,
WHTO,http://publications.europa.eu/resource/authority/site/WHTO,false,1958-01-01,WHTO,Westhafen Tower,,
WIB,http://publications.europa.eu/resource/authority/site/WIB,false,1958-01-01,WIB,,,
WIC,http://publications.europa.eu/resource/authority/site/WIC,false,1958-01-01,WIC,,,
WIDOK10,http://publications.europa.eu/resource/authority/site/WIDOK10,false,1958-01-01,WIDOK10,Widok 10,,
WIE,http://publications.europa.eu/resource/authority/site/WIE,false,1958-01-01,WIE,,,
WILS,http://publications.europa.eu/resource/authority/site/WILS,false,1958-01-01,WILS,,,
WIM,http://publications.europa.eu/resource/authority/site/WIM,false,2018-01-01,WIM,Wilfried Martens,,
WIND,http://publications.europa.eu/resource/authority/site/WIND,false,2007-12-01,WIND,Windhof (Data Centre),,
WIPPLINGER35,http://publications.europa.eu/resource/authority/site/WIPPLINGER35,false,1958-01-01,WIPPLINGER35,Wipplingerstraße 35,,
WIRELESS63,http://publications.europa.eu/resource/authority/site/WIRELESS63,false,1958-01-01,WIRELESS63,Wireless Road 63,,
WKI,http://publications.europa.eu/resource/authority/site/WKI,false,2008-06-02,WKI,EIB,,
WYATTVILLEROAD,http://publications.europa.eu/resource/authority/site/WYATTVILLEROAD,false,1958-01-01,WYATTVILLEROAD,Wyattville Road,,
